x_coord,y_coord,inf_times,virus
-5.043117219,-0.262028154,1996,real
-4.5,-0.5,1997,infer
-4,-0.75,1998,infer
-3.5,-1,1999,infer
-3.5,-1,2000,infer
-3,-1.2,2001,infer
-2.625195728,-1.354605981,2002,real
-3,0,2003,infer
-3.292077681,1.728458582,2004,real
-0.5,1.7,2005,infer
2.572463072,1.696108836,2006,real
2,1.4,2007,infer
1.8,1.3,2008,infer
1,0.9,2009,infer
0.648675659,0.662973902,2010,real
1.8,-0.3,2011,infer
3.060777427,-1.04733791,2012,real