"","names","values","fixed","steps","lower_bound","upper_bound","lower_start","upper_start","type","obs_type"
"1","alpha",1,1,0.1,0,1000,0,1000,2,1
"2","beta",2,1,0.1,0,1000,0,1000,2,1
"3","mu",1.48148810863495,0,0.1,0,8,1,3,1,1
"4","mu_short",1.88694721832871,0,0.1,0,8,1,3,1,1
"5","tau",0.0983804738987237,0,0.1,0,1,0.01,0.1,1,1
"6","wane",0.659207288734615,0,0.1,0,1,0.2,0.8,1,1
"7","sigma1",0.182609424320981,0,0.1,0,1,0.1,0.2,1,1
"8","sigma2",0.0354859053366818,0,0.1,0,1,0.01,0.1,1,1
"9","MAX_TITRE",8,1,0.1,0,8,8,8,1,1
"10","MIN_TITRE",0,1,0.1,0,0,0,0,1,1
"11","obs_sd",1.89788653561845,0,0.1,0,25,0.5,2,1,1
"12","rho_mean",0,1,0.1,-10,10,-2,2,1,1
"13","rho_sd",1,1,0.1,0,10,1,2,1,1
"14","titre_dependent",0,1,0.1,0,1,0,1,1,1
"15","rho",-0.425447560846806,0,0.1,-3,3,-1,1,3,1
"16","rho",-0.132067524362355,0,0.1,-3,3,-1,1,3,1
"17","rho",-0.393178029451519,0,0.1,-3,3,-1,1,3,1
"18","rho",-0.696210140362382,0,0.1,-3,3,-1,1,3,1
"19","mu",2.01124236080796,0,0.1,0,8,1,3,1,2
"20","mu_short",1.04279789980501,0,0.1,0,8,1,3,1,2
"21","tau",0.0636948594846763,0,0.1,0,1,0.01,0.1,1,2
"22","wane",0.30782380271703,0,0.1,0,1,0.2,0.8,1,2
"23","sigma1",0.107406304008327,0,0.1,0,1,0.1,0.2,1,2
"24","sigma2",0.0700322030484676,0,0.1,0,1,0.01,0.1,1,2
"25","MAX_TITRE",8,1,0.1,0,8,8,8,1,2
"26","MIN_TITRE",0,1,0.1,0,0,0,0,1,2
"27","obs_sd",1.332434099284,0,0.1,0,25,0.5,2,1,2
"28","rho_mean",0,1,0.1,-10,10,-2,2,1,2
"29","rho_sd",1,1,0.1,0,10,1,2,1,2
"30","titre_dependent",0,1,0.1,0,1,0,1,1,2
"31","rho",0.889411405660212,0,0.1,-3,3,-1,1,3,2
"32","rho",0.846880865748972,0,0.1,-3,3,-1,1,3,2
"33","rho",-0.277202865108848,0,0.1,-3,3,-1,1,3,2
"34","rho",0.95482691982761,0,0.1,-3,3,-1,1,3,2
