"","names","values","fixed","steps","lower_bound","upper_bound","lower_start","upper_start","type","obs_type"
"1","alpha",1,1,0.1,0,1000,0,1000,2,1
"2","beta",2,1,0.1,0,1000,0,1000,2,1
"3","mu",1.96077034715563,0,0.1,0,8,1,3,1,1
"4","mu_short",1.8636861955747,0,0.1,0,8,1,3,1,1
"5","tau",0.0958619525143877,0,0.1,0,1,0.01,0.1,1,1
"6","wane",0.437046645162627,0,0.1,0,1,0.2,0.8,1,1
"7","sigma1",0.171516213123687,0,0.1,0,1,0.1,0.2,1,1
"8","sigma2",0.0270619341684505,0,0.1,0,1,0.01,0.1,1,1
"9","MAX_TITRE",8,1,0.1,0,8,8,8,1,1
"10","MIN_TITRE",0,1,0.1,0,0,0,0,1,1
"11","obs_sd",1.46352340478916,0,0.1,0,25,0.5,2,1,1
"12","rho_mean",0,1,0.1,-10,10,-2,2,1,1
"13","rho_sd",1,1,0.1,0,10,1,2,1,1
"14","titre_dependent",0,1,0.1,0,1,0,1,1,1
"15","rho",0.89996151952073,0,0.1,-3,3,-1,1,3,1
"16","rho",0.546914708800614,0,0.1,-3,3,-1,1,3,1
"17","rho",0.445867777336389,0,0.1,-3,3,-1,1,3,1
"18","rho",0.323952978476882,0,0.1,-3,3,-1,1,3,1
"19","mu",2.8346002032049,0,0.1,0,8,1,3,1,2
"20","mu_short",1.87336227484047,0,0.1,0,8,1,3,1,2
"21","tau",0.050336716582533,0,0.1,0,1,0.01,0.1,1,2
"22","wane",0.730149876791984,0,0.1,0,1,0.2,0.8,1,2
"23","sigma1",0.174498657486402,0,0.1,0,1,0.1,0.2,1,2
"24","sigma2",0.0633985237521119,0,0.1,0,1,0.01,0.1,1,2
"25","MAX_TITRE",8,1,0.1,0,8,8,8,1,2
"26","MIN_TITRE",0,1,0.1,0,0,0,0,1,2
"27","obs_sd",1.83733898529317,0,0.1,0,25,0.5,2,1,2
"28","rho_mean",0,1,0.1,-10,10,-2,2,1,2
"29","rho_sd",1,1,0.1,0,10,1,2,1,2
"30","titre_dependent",0,1,0.1,0,1,0,1,1,2
"31","rho",0.995201649609953,0,0.1,-3,3,-1,1,3,2
"32","rho",-0.811991003807634,0,0.1,-3,3,-1,1,3,2
"33","rho",-0.407014756463468,0,0.1,-3,3,-1,1,3,2
"34","rho",0.983950080815703,0,0.1,-3,3,-1,1,3,2
