"","names","values","fixed","steps","lower_bound","upper_bound","lower_start","upper_start","type","obs_type"
"1","alpha",1,1,0.1,0,1000,0,1000,2,1
"2","beta",2,1,0.1,0,1000,0,1000,2,1
"3","mu",2.25071267550811,0,0.1,0,8,1,3,1,1
"4","mu_short",1.92570139933378,0,0.1,0,8,1,3,1,1
"5","tau",0.0717348138429224,0,0.1,0,1,0.01,0.1,1,1
"6","wane",0.521692989161238,0,0.1,0,1,0.2,0.8,1,1
"7","sigma1",0.199760882486589,0,0.1,0,1,0.1,0.2,1,1
"8","sigma2",0.0229359312471934,0,0.1,0,1,0.01,0.1,1,1
"9","MAX_TITRE",8,1,0.1,0,8,8,8,1,1
"10","MIN_TITRE",0,1,0.1,0,0,0,0,1,1
"11","obs_sd",1.84548410878051,0,0.1,0,25,0.5,2,1,1
"12","rho_mean",0,1,0.1,-10,10,-2,2,1,1
"13","rho_sd",1,1,0.1,0,10,1,2,1,1
"14","titre_dependent",0,1,0.1,0,1,0,1,1,1
"15","rho",0.264155155047774,0,0.1,-3,3,-1,1,3,1
"16","rho",0.0582627435214818,0,0.1,-3,3,-1,1,3,1
"17","rho",0.171324948780239,0,0.1,-3,3,-1,1,3,1
"18","rho",-0.040377430152148,0,0.1,-3,3,-1,1,3,1
"19","mu",1.54957325896248,0,0.1,0,8,1,3,1,2
"20","mu_short",2.54426306579262,0,0.1,0,8,1,3,1,2
"21","tau",0.097371908177156,0,0.1,0,1,0.01,0.1,1,2
"22","wane",0.681042149290443,0,0.1,0,1,0.2,0.8,1,2
"23","sigma1",0.121377953258343,0,0.1,0,1,0.1,0.2,1,2
"24","sigma2",0.0954457966797054,0,0.1,0,1,0.01,0.1,1,2
"25","MAX_TITRE",8,1,0.1,0,8,8,8,1,2
"26","MIN_TITRE",0,1,0.1,0,0,0,0,1,2
"27","obs_sd",1.26438164431602,0,0.1,0,25,0.5,2,1,2
"28","rho_mean",0,1,0.1,-10,10,-2,2,1,2
"29","rho_sd",1,1,0.1,0,10,1,2,1,2
"30","titre_dependent",0,1,0.1,0,1,0,1,1,2
"31","rho",0.0470047816634178,0,0.1,-3,3,-1,1,3,2
"32","rho",0.402812007348984,0,0.1,-3,3,-1,1,3,2
"33","rho",-0.426047200802714,0,0.1,-3,3,-1,1,3,2
"34","rho",0.570384230464697,0,0.1,-3,3,-1,1,3,2
