"","names","values","fixed","steps","lower_bound","upper_bound","lower_start","upper_start","type","obs_type"
"1","alpha",1,1,0.1,0,1000,0,1000,2,1
"2","beta",2,1,0.1,0,1000,0,1000,2,1
"3","mu",1.20703480113298,0,0.1,0,8,1,3,1,1
"4","mu_short",2.04370954493061,0,0.1,0,8,1,3,1,1
"5","tau",0.0489602335914969,0,0.1,0,1,0.01,0.1,1,1
"6","wane",0.352756358264014,0,0.1,0,1,0.2,0.8,1,1
"7","sigma1",0.199837529752404,0,0.1,0,1,0.1,0.2,1,1
"8","sigma2",0.0834104045573622,0,0.1,0,1,0.01,0.1,1,1
"9","MAX_TITRE",8,1,0.1,0,8,8,8,1,1
"10","MIN_TITRE",0,1,0.1,0,0,0,0,1,1
"11","obs_sd",1.75841538282111,0,0.1,0,25,0.5,2,1,1
"12","rho_mean",0,1,0.1,-10,10,-2,2,1,1
"13","rho_sd",1,1,0.1,0,10,1,2,1,1
"14","titre_dependent",0,1,0.1,0,1,0,1,1,1
"15","rho",0.720109612680972,0,0.1,-3,3,-1,1,3,1
"16","rho",-0.708915015216917,0,0.1,-3,3,-1,1,3,1
"17","rho",0.919116660021245,0,0.1,-3,3,-1,1,3,1
"18","rho",0.266256328672171,0,0.1,-3,3,-1,1,3,1
"19","mu",2.05862250365317,0,0.1,0,8,1,3,1,2
"20","mu_short",2.50363704655319,0,0.1,0,8,1,3,1,2
"21","tau",0.0861257683159783,0,0.1,0,1,0.01,0.1,1,2
"22","wane",0.726250675367192,0,0.1,0,1,0.2,0.8,1,2
"23","sigma1",0.164516801619902,0,0.1,0,1,0.1,0.2,1,2
"24","sigma2",0.0262335268314928,0,0.1,0,1,0.01,0.1,1,2
"25","MAX_TITRE",8,1,0.1,0,8,8,8,1,2
"26","MIN_TITRE",0,1,0.1,0,0,0,0,1,2
"27","obs_sd",1.20044475723989,0,0.1,0,25,0.5,2,1,2
"28","rho_mean",0,1,0.1,-10,10,-2,2,1,2
"29","rho_sd",1,1,0.1,0,10,1,2,1,2
"30","titre_dependent",0,1,0.1,0,1,0,1,1,2
"31","rho",0.0565045173279941,0,0.1,-3,3,-1,1,3,2
"32","rho",0.0318392855115235,0,0.1,-3,3,-1,1,3,2
"33","rho",0.723747179843485,0,0.1,-3,3,-1,1,3,2
"34","rho",0.775451573543251,0,0.1,-3,3,-1,1,3,2
