year,AR
2000,NA
2001,NA
2002,NA
2003,0.09375
2004,0.05
2005,0.056179775280898875
2006,0.144
2007,0.04487179487179487
2008,0.020618556701030927
2009,0.1598173515981735
2010,0.032
2011,0.072
2012,0.02
