year,AR
2000,NA
2001,NA
2002,NA
2003,0.06060606060606061
2004,0.01639344262295082
2005,0.03296703296703297
2006,0.008130081300813009
2007,0.025157232704402517
2008,0.06598984771573604
2009,0.05752212389380531
2010,0.388
2011,0.028
2012,0.024
