year,AR
1987,NA
1997,NA
2002,NA
2006,0.23809523809523808
2009,0.07453416149068323
2012,0.204
2003,0.6
2004,0.396
2005,0.18
2007,0.132
2008,0.076
2010,0.316
2011,0.084
